{
  "generated": "2026-01-21T12:03:48.814930",
  "models": {
    "opus-4.5": {
      "num_samples": 201,
      "total_words": 47104,
      "em_dash_per_1k": 4.778411770359096,
      "colon_per_1k": 4.114619302727361,
      "semicolon_per_1k": 0.6906123653138263
    },
    "sonnet-4": {
      "num_samples": 51,
      "total_words": 16028,
      "em_dash_per_1k": 0.25159280444579285,
      "colon_per_1k": 4.6766662473453255,
      "semicolon_per_1k": 0.4069883601329002
    },
    "sonnet-3.7": {
      "num_samples": 50,
      "total_words": 12601,
      "em_dash_per_1k": 0.22760680923704302,
      "colon_per_1k": 3.8977666081843614,
      "semicolon_per_1k": 0.30347574564939067
    },
    "haiku-3": {
      "num_samples": 51,
      "total_words": 15603,
      "em_dash_per_1k": 0.0,
      "colon_per_1k": 2.4275975741940106,
      "semicolon_per_1k": 0.00895792462802218
    }
  },
  "human_baseline": {
    "num_samples": 6000,
    "total_words": 1208418,
    "em_dash_per_1k": 0.2838449507832895,
    "colon_per_1k": 1.012112255997823,
    "semicolon_per_1k": 0.22649587805187704
  },
  "comparisons": {
    "phrases": {
      "in essence": {
        "human": 0.0,
        "opus-4.5": 0.044699829470150575,
        "sonnet-4": 0.0,
        "sonnet-3.7": 0.0,
        "haiku-3": 0.0895792462802218
      },
      "fundamentally": {
        "human": 0.007910216928470677,
        "opus-4.5": 0.13409948841045172,
        "sonnet-4": 0.0,
        "sonnet-3.7": 0.1896723410308692,
        "haiku-3": 0.0
      },
      "essentially": {
        "human": 0.03559597617811805,
        "opus-4.5": 0.11174957367537643,
        "sonnet-4": 0.22199365098158194,
        "sonnet-3.7": 0.1896723410308692,
        "haiku-3": 0.0
      },
      "comprehensive": {
        "human": 0.056689887987373185,
        "opus-4.5": 1.3856947135746676,
        "sonnet-4": 2.145938626155292,
        "sonnet-3.7": 1.7070510692778225,
        "haiku-3": 2.239481157005545
      },
      "nuanced": {
        "human": 0.0026367389761568923,
        "opus-4.5": 0.044699829470150575,
        "sonnet-4": 0.1479957673210546,
        "sonnet-3.7": 0.28450851154630374,
        "haiku-3": 0.0
      },
      "paradigm": {
        "human": 0.011865325392706016,
        "opus-4.5": 0.1787993178806023,
        "sonnet-4": 0.4439873019631639,
        "sonnet-3.7": 0.28450851154630374,
        "haiku-3": 0.0895792462802218
      },
      "robust": {
        "human": 0.029004128737725815,
        "opus-4.5": 0.08939965894030115,
        "sonnet-4": 0.22199365098158194,
        "sonnet-3.7": 0.1896723410308692,
        "haiku-3": 1.2541094479231052
      },
      "delve": {
        "human": 0.011865325392706016,
        "opus-4.5": 0.0,
        "sonnet-4": 0.0,
        "sonnet-3.7": 0.0,
        "haiku-3": 0.0
      },
      "tapestry": {
        "human": 0.0013183694880784462,
        "opus-4.5": 0.0,
        "sonnet-4": 0.0,
        "sonnet-3.7": 0.0,
        "haiku-3": 0.0
      },
      "myriad": {
        "human": 0.005273477952313785,
        "opus-4.5": 0.0,
        "sonnet-4": 0.0,
        "sonnet-3.7": 0.0,
        "haiku-3": 0.0
      }
    },
    "punctuation": {
      "em_dash": {
        "human": 0.2838449507832895,
        "opus-4.5": 4.778411770359096,
        "sonnet-4": 0.25159280444579285,
        "sonnet-3.7": 0.22760680923704302,
        "haiku-3": 0.0
      },
      "colon": {
        "human": 1.012112255997823,
        "opus-4.5": 4.114619302727361,
        "sonnet-4": 4.6766662473453255,
        "sonnet-3.7": 3.8977666081843614,
        "haiku-3": 2.4275975741940106
      },
      "semicolon": {
        "human": 0.22649587805187704,
        "opus-4.5": 0.6906123653138263,
        "sonnet-4": 0.4069883601329002,
        "sonnet-3.7": 0.30347574564939067,
        "haiku-3": 0.00895792462802218
      }
    }
  }
}